,precision,recall,f1-score,support
0,0.9320987654320988,0.9617834394904459,0.9467084639498433,157.0
1,0.6666666666666666,1.0,0.8,2.0
2,1.0,0.0,0.0,1.0
3,1.0,0.0,0.0,1.0
4,1.0,1.0,1.0,2.0
5,1.0,0.0,0.0,1.0
6,1.0,1.0,1.0,2.0
7,1.0,0.0,0.0,1.0
8,0.3333333333333333,1.0,0.5,2.0
9,1.0,0.0,0.0,1.0
10,1.0,0.5,0.6666666666666666,2.0
11,1.0,0.0,0.0,1.0
12,1.0,1.0,1.0,1.0
13,0.5,1.0,0.6666666666666666,1.0
14,1.0,0.0,0.0,2.0
15,1.0,1.0,1.0,1.0
16,1.0,1.0,1.0,2.0
17,1.0,1.0,1.0,2.0
18,1.0,0.0,0.0,1.0
19,1.0,0.5,0.6666666666666666,2.0
20,0.0,0.0,0.0,1.0
21,1.0,0.8,0.8888888888888888,5.0
22,1.0,0.0,0.0,1.0
23,1.0,0.0,0.0,1.0
24,1.0,0.0,0.0,1.0
25,1.0,1.0,1.0,1.0
26,0.8461538461538461,0.6875,0.7586206896551724,48.0
27,1.0,0.0,0.0,1.0
28,1.0,1.0,1.0,1.0
29,1.0,0.5,0.6666666666666666,2.0
30,0.5,1.0,0.6666666666666666,1.0
31,1.0,0.0,0.0,1.0
32,0.0,0.0,0.0,1.0
33,1.0,1.0,1.0,2.0
34,0.6428571428571429,0.8181818181818182,0.72,11.0
35,1.0,0.0,0.0,1.0
36,1.0,0.0,0.0,1.0
37,1.0,1.0,1.0,1.0
38,0.5,1.0,0.6666666666666666,1.0
39,1.0,1.0,1.0,1.0
40,1.0,1.0,1.0,1.0
41,0.6666666666666666,1.0,0.8,4.0
42,1.0,0.0,0.0,1.0
43,0.3333333333333333,0.5,0.4,2.0
44,1.0,0.0,0.0,1.0
45,1.0,1.0,1.0,1.0
46,1.0,1.0,1.0,1.0
47,0.9230769230769231,0.8,0.8571428571428571,15.0
48,1.0,0.0,0.0,1.0
49,1.0,0.8181818181818182,0.9,11.0
50,1.0,0.0,0.0,1.0
51,1.0,1.0,1.0,1.0
52,1.0,1.0,1.0,1.0
53,1.0,0.7142857142857143,0.8333333333333334,14.0
54,1.0,1.0,1.0,2.0
55,1.0,0.0,0.0,1.0
56,1.0,0.0,0.0,1.0
57,1.0,0.0,0.0,1.0
58,1.0,1.0,1.0,1.0
59,1.0,0.0,0.0,1.0
60,0.5,1.0,0.6666666666666666,1.0
61,1.0,0.0,0.0,1.0
62,0.0,0.0,0.0,2.0
63,0.0,0.0,0.0,1.0
64,1.0,0.0,0.0,1.0
65,0.5,1.0,0.6666666666666666,2.0
66,1.0,0.5,0.6666666666666666,2.0
67,1.0,0.5,0.6666666666666666,2.0
68,0.5,1.0,0.6666666666666666,1.0
69,0.2,1.0,0.3333333333333333,1.0
70,1.0,0.0,0.0,2.0
71,0.4,1.0,0.5714285714285714,2.0
72,1.0,1.0,1.0,2.0
73,1.0,1.0,1.0,2.0
74,0.6,1.0,0.75,3.0
75,0.0,0.0,0.0,1.0
76,1.0,1.0,1.0,2.0
77,1.0,0.0,0.0,1.0
78,1.0,0.875,0.9333333333333333,8.0
79,1.0,1.0,1.0,1.0
80,0.8125,0.8666666666666667,0.8387096774193549,15.0
81,1.0,0.0,0.0,1.0
82,0.75,0.8823529411764706,0.8108108108108109,17.0
83,1.0,0.0,0.0,1.0
84,1.0,1.0,1.0,1.0
85,1.0,1.0,1.0,1.0
86,1.0,0.0,0.0,1.0
87,1.0,0.9333333333333333,0.9655172413793104,15.0
88,0.3333333333333333,1.0,0.5,1.0
89,0.5,1.0,0.6666666666666666,1.0
90,1.0,0.8,0.8888888888888888,5.0
91,1.0,0.0,0.0,2.0
92,1.0,1.0,1.0,3.0
93,0.6666666666666666,1.0,0.8,2.0
94,1.0,1.0,1.0,1.0
95,1.0,0.0,0.0,1.0
96,1.0,1.0,1.0,1.0
97,1.0,1.0,1.0,2.0
98,0.8,1.0,0.8888888888888888,4.0
99,0.5,0.25,0.3333333333333333,4.0
100,1.0,0.0,0.0,1.0
101,1.0,0.0,0.0,1.0
102,1.0,1.0,1.0,1.0
103,0.75,0.6,0.6666666666666666,5.0
104,1.0,0.0,0.0,1.0
105,1.0,1.0,1.0,4.0
106,1.0,1.0,1.0,3.0
107,1.0,1.0,1.0,2.0
108,1.0,1.0,1.0,1.0
109,1.0,1.0,1.0,12.0
110,1.0,1.0,1.0,1.0
111,1.0,1.0,1.0,3.0
112,1.0,1.0,1.0,1.0
113,1.0,0.0,0.0,2.0
114,1.0,0.0,0.0,1.0
115,1.0,1.0,1.0,6.0
116,1.0,0.0,0.0,1.0
117,1.0,1.0,1.0,1.0
118,1.0,1.0,1.0,4.0
119,1.0,1.0,1.0,1.0
120,0.967741935483871,0.9375,0.9523809523809523,32.0
121,1.0,1.0,1.0,6.0
122,1.0,1.0,1.0,3.0
123,1.0,1.0,1.0,1.0
124,1.0,0.0,0.0,4.0
125,1.0,1.0,1.0,1.0
126,1.0,1.0,1.0,1.0
127,1.0,0.0,0.0,2.0
128,1.0,1.0,1.0,1.0
129,1.0,1.0,1.0,1.0
130,1.0,0.5,0.6666666666666666,2.0
131,0.9310344827586207,0.9642857142857143,0.9473684210526315,28.0
132,1.0,0.0,0.0,1.0
133,1.0,0.0,0.0,1.0
134,0.5,0.5,0.5,2.0
135,1.0,0.0,0.0,1.0
136,1.0,0.0,0.0,1.0
137,1.0,0.75,0.8571428571428571,4.0
138,1.0,1.0,1.0,1.0
139,1.0,0.0,0.0,1.0
140,1.0,1.0,1.0,1.0
141,1.0,1.0,1.0,1.0
142,1.0,0.0,0.0,1.0
143,1.0,0.0,0.0,1.0
144,1.0,0.0,0.0,4.0
145,1.0,0.4,0.5714285714285714,5.0
146,1.0,0.0,0.0,1.0
147,0.6,0.42857142857142855,0.5,7.0
148,1.0,0.75,0.8571428571428571,4.0
149,1.0,0.75,0.8571428571428571,4.0
150,0.16666666666666666,1.0,0.2857142857142857,1.0
151,1.0,0.5,0.6666666666666666,2.0
152,1.0,0.0,0.0,1.0
153,1.0,0.0,0.0,1.0
154,1.0,1.0,1.0,1.0
155,1.0,0.0,0.0,1.0
156,0.5,0.6666666666666666,0.5714285714285714,6.0
157,0.14285714285714285,1.0,0.25,1.0
158,1.0,0.0,0.0,1.0
159,0.3333333333333333,0.3333333333333333,0.3333333333333333,3.0
160,1.0,0.0,0.0,2.0
161,1.0,1.0,1.0,3.0
162,1.0,1.0,1.0,1.0
163,1.0,0.0,0.0,4.0
164,1.0,0.0,0.0,1.0
165,1.0,1.0,1.0,1.0
166,1.0,0.0,0.0,1.0
167,1.0,1.0,1.0,1.0
168,1.0,0.0,0.0,1.0
169,1.0,0.0,0.0,1.0
170,1.0,0.0,0.0,1.0
171,0.5,1.0,0.6666666666666666,1.0
172,1.0,0.0,0.0,1.0
173,1.0,0.0,0.0,1.0
174,1.0,0.0,0.0,1.0
175,1.0,0.0,0.0,1.0
176,1.0,1.0,1.0,2.0
177,1.0,1.0,1.0,1.0
178,0.0,0.0,0.0,1.0
179,1.0,1.0,1.0,1.0
180,1.0,1.0,1.0,1.0
181,0.6666666666666666,1.0,0.8,2.0
182,1.0,0.0,0.0,1.0
183,0.0,0.0,0.0,3.0
184,1.0,1.0,1.0,1.0
185,0.6666666666666666,0.4,0.5,5.0
186,1.0,0.0,0.0,1.0
187,1.0,0.0,0.0,1.0
188,1.0,1.0,1.0,2.0
189,1.0,1.0,1.0,1.0
190,0.0,0.0,0.0,3.0
191,1.0,0.0,0.0,4.0
192,1.0,0.0,0.0,2.0
193,1.0,0.0,0.0,3.0
194,0.8333333333333334,0.7142857142857143,0.7692307692307693,7.0
195,1.0,0.0,0.0,1.0
196,1.0,0.0,0.0,3.0
197,1.0,0.0,0.0,2.0
198,1.0,1.0,1.0,2.0
199,1.0,1.0,1.0,1.0
200,1.0,0.0,0.0,1.0
201,1.0,0.0,0.0,1.0
202,1.0,0.5,0.6666666666666666,2.0
203,1.0,0.0,0.0,1.0
204,1.0,0.0,0.0,1.0
205,1.0,0.6,0.75,5.0
206,0.5,0.5,0.5,2.0
207,1.0,0.0,0.0,1.0
208,0.6666666666666666,1.0,0.8,2.0
209,1.0,1.0,1.0,1.0
210,1.0,1.0,1.0,2.0
211,1.0,1.0,1.0,2.0
212,1.0,0.5,0.6666666666666666,2.0
213,1.0,1.0,1.0,2.0
214,0.8888888888888888,1.0,0.9411764705882353,8.0
215,0.3333333333333333,1.0,0.5,1.0
216,0.5,1.0,0.6666666666666666,1.0
217,1.0,1.0,1.0,2.0
218,1.0,0.0,0.0,1.0
219,1.0,0.0,0.0,1.0
220,1.0,0.0,0.0,1.0
221,1.0,0.8,0.8888888888888888,5.0
222,1.0,1.0,1.0,1.0
223,1.0,0.0,0.0,1.0
224,1.0,1.0,1.0,1.0
225,1.0,1.0,1.0,1.0
226,1.0,1.0,1.0,1.0
227,0.5,1.0,0.6666666666666666,1.0
228,1.0,1.0,1.0,1.0
229,1.0,0.0,0.0,1.0
230,0.8723404255319149,1.0,0.9318181818181818,41.0
231,1.0,1.0,1.0,1.0
232,1.0,0.0,0.0,1.0
233,0.5,1.0,0.6666666666666666,1.0
234,1.0,0.0,0.0,1.0
235,0.3333333333333333,0.5,0.4,2.0
236,1.0,0.0,0.0,1.0
237,1.0,1.0,1.0,1.0
238,1.0,0.6666666666666666,0.8,3.0
239,0.5,1.0,0.6666666666666666,1.0
240,1.0,1.0,1.0,3.0
241,1.0,1.0,1.0,1.0
242,1.0,1.0,1.0,2.0
243,0.6666666666666666,0.5,0.5714285714285714,4.0
244,1.0,0.0,0.0,1.0
245,0.2,1.0,0.3333333333333333,1.0
246,1.0,1.0,1.0,1.0
247,1.0,1.0,1.0,2.0
248,0.75,1.0,0.8571428571428571,3.0
249,0.5,1.0,0.6666666666666666,1.0
250,1.0,0.0,0.0,1.0
251,1.0,1.0,1.0,6.0
252,1.0,1.0,1.0,3.0
253,0.5,0.25,0.3333333333333333,4.0
254,1.0,0.0,0.0,2.0
255,1.0,0.0,0.0,1.0
256,0.5,1.0,0.6666666666666666,1.0
257,0.6,1.0,0.75,3.0
258,0.0,0.0,0.0,2.0
259,1.0,0.0,0.0,1.0
260,0.3333333333333333,1.0,0.5,1.0
261,0.7857142857142857,1.0,0.88,11.0
262,1.0,0.0,0.0,1.0
263,1.0,0.0,0.0,1.0
264,1.0,1.0,1.0,2.0
265,0.25,1.0,0.4,3.0
266,0.5,1.0,0.6666666666666666,1.0
267,1.0,1.0,1.0,12.0
268,1.0,1.0,1.0,2.0
269,0.7222222222222222,1.0,0.8387096774193549,13.0
270,1.0,1.0,1.0,2.0
271,1.0,0.0,0.0,1.0
272,1.0,1.0,1.0,1.0
273,0.5,1.0,0.6666666666666666,2.0
274,0.6153846153846154,1.0,0.7619047619047619,8.0
275,0.5,1.0,0.6666666666666666,1.0
276,0.95,0.9047619047619048,0.926829268292683,21.0
277,0.8571428571428571,1.0,0.9230769230769231,6.0
278,0.5,1.0,0.6666666666666666,1.0
279,1.0,1.0,1.0,2.0
280,0.2,1.0,0.3333333333333333,1.0
281,1.0,1.0,1.0,1.0
282,0.25,1.0,0.4,1.0
283,1.0,1.0,1.0,2.0
284,1.0,1.0,1.0,1.0
285,1.0,1.0,1.0,1.0
286,0.75,1.0,0.8571428571428571,6.0
287,1.0,0.0,0.0,1.0
288,0.6666666666666666,1.0,0.8,4.0
289,0.5714285714285714,1.0,0.7272727272727273,4.0
290,1.0,1.0,1.0,1.0
291,1.0,1.0,1.0,1.0
292,1.0,0.0,0.0,1.0
293,0.6666666666666666,0.5,0.5714285714285714,4.0
294,1.0,0.0,0.0,1.0
295,1.0,1.0,1.0,4.0
296,1.0,1.0,1.0,1.0
297,0.8947368421052632,1.0,0.9444444444444444,17.0
298,1.0,0.0,0.0,1.0
299,0.96,0.7741935483870968,0.8571428571428571,31.0
300,1.0,0.6666666666666666,0.8,3.0
301,1.0,0.0,0.0,1.0
302,1.0,0.0,0.0,1.0
303,1.0,0.0,0.0,1.0
304,1.0,0.0,0.0,1.0
305,1.0,1.0,1.0,1.0
306,0.3333333333333333,1.0,0.5,1.0
307,0.5,1.0,0.6666666666666666,1.0
308,1.0,0.0,0.0,1.0
309,1.0,0.0,0.0,1.0
310,1.0,0.75,0.8571428571428571,4.0
311,1.0,1.0,1.0,1.0
312,0.8,0.9411764705882353,0.8648648648648649,17.0
313,1.0,0.0,0.0,3.0
314,1.0,0.0,0.0,1.0
315,1.0,1.0,1.0,2.0
316,1.0,0.0,0.0,1.0
317,1.0,0.0,0.0,1.0
318,1.0,0.0,0.0,1.0
319,1.0,1.0,1.0,1.0
320,1.0,1.0,1.0,3.0
321,1.0,0.0,0.0,1.0
322,1.0,0.0,0.0,1.0
323,0.3333333333333333,0.5,0.4,2.0
324,0.6666666666666666,1.0,0.8,2.0
325,1.0,1.0,1.0,1.0
326,0.8,1.0,0.8888888888888888,20.0
327,1.0,1.0,1.0,3.0
328,1.0,1.0,1.0,2.0
329,0.42857142857142855,1.0,0.6,3.0
330,0.3333333333333333,1.0,0.5,1.0
331,0.6,1.0,0.75,3.0
332,0.2,1.0,0.3333333333333333,1.0
333,0.5,1.0,0.6666666666666666,1.0
334,1.0,1.0,1.0,1.0
335,0.3333333333333333,1.0,0.5,1.0
336,1.0,1.0,1.0,2.0
337,0.3333333333333333,1.0,0.5,1.0
338,1.0,0.0,0.0,1.0
339,0.5,1.0,0.6666666666666666,1.0
340,0.5,1.0,0.6666666666666666,1.0
341,1.0,0.6666666666666666,0.8,3.0
342,0.0,0.0,0.0,1.0
343,1.0,1.0,1.0,4.0
344,1.0,1.0,1.0,1.0
345,1.0,0.0,0.0,1.0
346,0.0,0.0,0.0,2.0
347,0.6666666666666666,0.5714285714285714,0.6153846153846154,7.0
348,1.0,1.0,1.0,1.0
349,1.0,1.0,1.0,1.0
350,1.0,1.0,1.0,1.0
351,0.7142857142857143,0.5,0.5882352941176471,10.0
352,1.0,1.0,1.0,1.0
353,1.0,0.5,0.6666666666666666,2.0
354,1.0,1.0,1.0,1.0
355,1.0,0.0,0.0,1.0
356,1.0,1.0,1.0,7.0
357,1.0,1.0,1.0,2.0
358,0.8,1.0,0.8888888888888888,4.0
359,1.0,1.0,1.0,1.0
360,1.0,0.0,0.0,1.0
361,1.0,0.0,0.0,1.0
362,1.0,0.0,0.0,1.0
363,1.0,1.0,1.0,1.0
364,1.0,0.0,0.0,1.0
365,1.0,1.0,1.0,2.0
366,1.0,0.0,0.0,1.0
367,1.0,0.0,0.0,2.0
368,1.0,0.0,0.0,1.0
369,1.0,1.0,1.0,1.0
370,1.0,0.5,0.6666666666666666,2.0
371,1.0,1.0,1.0,1.0
372,1.0,0.0,0.0,1.0
373,1.0,1.0,1.0,1.0
374,0.9090909090909091,0.7692307692307693,0.8333333333333334,13.0
375,0.42105263157894735,1.0,0.5925925925925926,8.0
376,1.0,0.0,0.0,1.0
377,1.0,0.5,0.6666666666666666,2.0
378,0.5,1.0,0.6666666666666666,1.0
379,0.7333333333333333,0.7857142857142857,0.7586206896551724,14.0
380,1.0,1.0,1.0,1.0
381,1.0,0.5,0.6666666666666666,2.0
382,1.0,0.0,0.0,2.0
383,1.0,0.0,0.0,1.0
384,1.0,1.0,1.0,2.0
385,0.9,1.0,0.9473684210526315,9.0
386,1.0,0.0,0.0,1.0
387,0.3333333333333333,0.5,0.4,2.0
388,1.0,0.5,0.6666666666666666,2.0
389,1.0,0.0,0.0,3.0
390,1.0,0.0,0.0,1.0
391,0.5,1.0,0.6666666666666666,1.0
392,0.75,0.75,0.75,4.0
393,1.0,1.0,1.0,6.0
394,0.75,1.0,0.8571428571428571,3.0
395,1.0,0.6666666666666666,0.8,3.0
396,0.5,1.0,0.6666666666666666,1.0
397,0.5,1.0,0.6666666666666666,1.0
398,1.0,0.0,0.0,1.0
399,1.0,1.0,1.0,1.0
400,1.0,0.0,0.0,1.0
401,0.7777777777777778,1.0,0.875,7.0
402,1.0,1.0,1.0,1.0
403,1.0,1.0,1.0,1.0
404,0.25,1.0,0.4,1.0
405,1.0,0.0,0.0,1.0
406,1.0,0.5,0.6666666666666666,2.0
407,1.0,1.0,1.0,1.0
408,0.5,0.5,0.5,4.0
409,0.5,1.0,0.6666666666666666,1.0
410,1.0,0.5,0.6666666666666666,2.0
411,1.0,0.0,0.0,1.0
412,0.25,1.0,0.4,1.0
413,1.0,1.0,1.0,1.0
414,1.0,1.0,1.0,1.0
415,0.5,1.0,0.6666666666666666,1.0
416,1.0,0.0,0.0,2.0
417,1.0,0.0,0.0,1.0
418,1.0,1.0,1.0,1.0
419,1.0,0.0,0.0,1.0
420,1.0,1.0,1.0,1.0
421,0.15384615384615385,1.0,0.26666666666666666,2.0
422,0.5,1.0,0.6666666666666666,1.0
423,0.16666666666666666,1.0,0.2857142857142857,1.0
424,0.5,1.0,0.6666666666666666,1.0
425,1.0,0.0,0.0,1.0
426,1.0,1.0,1.0,1.0
427,1.0,1.0,1.0,1.0
428,1.0,0.0,0.0,1.0
429,0.6666666666666666,1.0,0.8,2.0
430,0.25,1.0,0.4,1.0
431,1.0,1.0,1.0,1.0
432,0.75,1.0,0.8571428571428571,6.0
433,1.0,0.0,0.0,1.0
434,1.0,0.0,0.0,4.0
435,0.0,0.0,0.0,14.0
436,1.0,0.0,0.0,2.0
437,1.0,0.0,0.0,1.0
438,1.0,0.0,0.0,1.0
439,1.0,1.0,1.0,1.0
440,1.0,0.0,0.0,1.0
441,1.0,0.0,0.0,1.0
442,0.0,0.0,0.0,2.0
443,1.0,0.0,0.0,1.0
444,0.34146341463414637,0.4117647058823529,0.37333333333333335,34.0
445,1.0,0.0,0.0,2.0
446,1.0,0.0,0.0,1.0
447,0.0,0.0,0.0,2.0
448,1.0,0.0,0.0,2.0
449,1.0,0.0,0.0,1.0
450,1.0,1.0,1.0,1.0
451,1.0,0.0,0.0,5.0
452,1.0,0.0,0.0,1.0
453,1.0,0.0,0.0,1.0
454,1.0,0.0,0.0,1.0
455,1.0,0.0,0.0,1.0
456,1.0,1.0,1.0,1.0
457,0.0,0.0,0.0,1.0
458,1.0,0.0,0.0,4.0
459,1.0,0.0,0.0,1.0
460,0.0,0.0,0.0,3.0
461,1.0,1.0,1.0,1.0
462,0.2727272727272727,0.3333333333333333,0.3,9.0
463,1.0,0.0,0.0,1.0
464,1.0,0.0,0.0,1.0
465,1.0,0.0,0.0,2.0
466,1.0,0.0,0.0,1.0
467,1.0,0.0,0.0,3.0
468,1.0,0.0,0.0,1.0
469,1.0,0.0,0.0,1.0
470,1.0,0.0,0.0,1.0
471,0.3333333333333333,0.09090909090909091,0.14285714285714285,11.0
472,1.0,0.0,0.0,2.0
473,0.6666666666666666,0.5,0.5714285714285714,4.0
474,1.0,0.0,0.0,1.0
475,1.0,0.0,0.0,6.0
476,1.0,0.0,0.0,1.0
477,1.0,0.0,0.0,1.0
478,1.0,0.0,0.0,1.0
479,1.0,1.0,1.0,1.0
480,0.0,0.0,0.0,3.0
481,0.0,0.0,0.0,6.0
482,1.0,0.0,0.0,1.0
483,0.0,0.0,0.0,5.0
484,1.0,0.0,0.0,2.0
485,1.0,0.0,0.0,1.0
486,0.0,0.0,0.0,2.0
487,1.0,0.0,0.0,3.0
488,1.0,0.0,0.0,1.0
489,1.0,0.0,0.0,2.0
490,1.0,0.0,0.0,2.0
491,1.0,0.0,0.0,3.0
492,1.0,0.0,0.0,3.0
493,1.0,0.0,0.0,1.0
494,1.0,0.0,0.0,1.0
495,1.0,0.0,0.0,1.0
496,1.0,1.0,1.0,1.0
497,1.0,0.0,0.0,1.0
498,1.0,1.0,1.0,2.0
499,0.5,1.0,0.6666666666666666,1.0
500,1.0,0.0,0.0,1.0
501,1.0,0.3333333333333333,0.5,3.0
502,1.0,0.0,0.0,1.0
503,1.0,0.0,0.0,2.0
504,1.0,0.0,0.0,1.0
505,1.0,1.0,1.0,1.0
506,0.0,0.0,0.0,1.0
507,1.0,1.0,1.0,1.0
508,0.5,1.0,0.6666666666666666,1.0
509,1.0,0.0,0.0,1.0
510,1.0,1.0,1.0,1.0
511,1.0,0.0,0.0,1.0
512,1.0,1.0,1.0,1.0
513,1.0,1.0,1.0,3.0
514,0.6666666666666666,1.0,0.8,2.0
515,1.0,0.0,0.0,1.0
516,1.0,0.0,0.0,1.0
517,1.0,0.0,0.0,1.0
518,0.6666666666666666,0.6666666666666666,0.6666666666666666,3.0
519,1.0,1.0,1.0,1.0
520,0.5,1.0,0.6666666666666666,1.0
521,1.0,1.0,1.0,1.0
522,1.0,0.0,0.0,1.0
523,1.0,0.0,0.0,1.0
524,1.0,1.0,1.0,1.0
525,0.6666666666666666,0.8888888888888888,0.7619047619047619,9.0
526,0.5,1.0,0.6666666666666666,1.0
527,1.0,1.0,1.0,2.0
528,0.6666666666666666,0.6666666666666666,0.6666666666666666,6.0
529,1.0,0.0,0.0,1.0
530,1.0,0.5,0.6666666666666666,2.0
531,0.0,0.0,0.0,9.0
532,1.0,1.0,1.0,1.0
533,1.0,1.0,1.0,1.0
534,1.0,0.0,0.0,1.0
535,1.0,1.0,1.0,3.0
536,1.0,1.0,1.0,1.0
537,0.75,1.0,0.8571428571428571,3.0
538,1.0,0.0,0.0,1.0
539,1.0,1.0,1.0,1.0
540,1.0,1.0,1.0,1.0
541,1.0,0.0,0.0,1.0
542,1.0,0.5,0.6666666666666666,2.0
543,1.0,0.5,0.6666666666666666,2.0
544,1.0,0.0,0.0,1.0
545,1.0,0.5,0.6666666666666666,2.0
546,1.0,0.0,0.0,1.0
547,0.6666666666666666,1.0,0.8,2.0
548,0.5,1.0,0.6666666666666666,2.0
549,1.0,0.0,0.0,1.0
550,1.0,1.0,1.0,6.0
551,0.8,1.0,0.8888888888888888,4.0
552,1.0,0.0,0.0,1.0
553,1.0,0.0,0.0,1.0
554,1.0,1.0,1.0,2.0
555,0.2,1.0,0.3333333333333333,1.0
556,1.0,0.0,0.0,1.0
557,1.0,1.0,1.0,1.0
558,1.0,1.0,1.0,2.0
559,1.0,0.0,0.0,2.0
560,1.0,1.0,1.0,1.0
561,0.75,1.0,0.8571428571428571,3.0
562,0.6,1.0,0.75,3.0
563,0.7619047619047619,1.0,0.8648648648648649,32.0
564,1.0,0.0,0.0,1.0
565,0.6486486486486487,0.9795918367346939,0.7804878048780488,49.0
566,1.0,0.0,0.0,1.0
567,1.0,1.0,1.0,1.0
568,0.8888888888888888,1.0,0.9411764705882353,8.0
569,0.5384615384615384,1.0,0.7,7.0
570,1.0,1.0,1.0,1.0
571,0.5,1.0,0.6666666666666666,1.0
572,1.0,1.0,1.0,1.0
573,1.0,0.0,0.0,1.0
574,0.8,1.0,0.8888888888888888,4.0
575,1.0,1.0,1.0,1.0
576,1.0,0.6666666666666666,0.8,3.0
577,1.0,1.0,1.0,1.0
578,1.0,1.0,1.0,1.0
579,1.0,1.0,1.0,1.0
580,1.0,1.0,1.0,1.0
581,0.5,1.0,0.6666666666666666,1.0
582,0.3333333333333333,1.0,0.5,1.0
583,1.0,0.0,0.0,1.0
584,1.0,0.5,0.6666666666666666,2.0
585,1.0,1.0,1.0,2.0
586,1.0,1.0,1.0,3.0
587,1.0,0.0,0.0,1.0
588,1.0,1.0,1.0,1.0
589,1.0,1.0,1.0,1.0
590,0.9166666666666666,0.8461538461538461,0.88,13.0
591,0.8333333333333334,1.0,0.9090909090909091,5.0
592,0.7142857142857143,1.0,0.8333333333333334,5.0
593,1.0,0.5,0.6666666666666666,2.0
594,1.0,1.0,1.0,2.0
595,0.5,1.0,0.6666666666666666,2.0
596,1.0,0.0,0.0,1.0
597,0.3333333333333333,0.3333333333333333,0.3333333333333333,3.0
598,0.8823529411764706,0.7894736842105263,0.8333333333333334,19.0
599,0.5,0.5,0.5,2.0
600,1.0,0.0,0.0,1.0
601,1.0,1.0,1.0,3.0
602,1.0,1.0,1.0,2.0
603,1.0,0.75,0.8571428571428571,4.0
604,1.0,0.8888888888888888,0.9411764705882353,9.0
605,1.0,0.0,0.0,1.0
606,0.8823529411764706,1.0,0.9375,15.0
607,1.0,0.0,0.0,1.0
608,1.0,0.0,0.0,1.0
609,1.0,1.0,1.0,1.0
610,1.0,0.8571428571428571,0.9230769230769231,7.0
611,1.0,0.5,0.6666666666666666,2.0
612,0.5,1.0,0.6666666666666666,1.0
613,1.0,1.0,1.0,1.0
614,0.8333333333333334,1.0,0.9090909090909091,5.0
615,1.0,1.0,1.0,1.0
616,1.0,1.0,1.0,6.0
617,1.0,0.8,0.8888888888888888,5.0
618,0.7777777777777778,0.7777777777777778,0.7777777777777778,9.0
619,1.0,1.0,1.0,1.0
620,0.7096774193548387,0.9166666666666666,0.8,24.0
621,1.0,1.0,1.0,1.0
622,0.5,1.0,0.6666666666666666,1.0
623,0.36363636363636365,1.0,0.5333333333333333,4.0
624,0.8888888888888888,0.8888888888888888,0.8888888888888888,9.0
625,1.0,0.0,0.0,1.0
626,0.9230769230769231,1.0,0.96,12.0
627,1.0,1.0,1.0,2.0
628,1.0,1.0,1.0,2.0
629,0.75,1.0,0.8571428571428571,3.0
630,1.0,1.0,1.0,1.0
631,0.6666666666666666,1.0,0.8,2.0
632,1.0,1.0,1.0,3.0
633,0.6666666666666666,1.0,0.8,2.0
634,0.0,0.0,0.0,1.0
635,1.0,0.5,0.6666666666666666,2.0
636,1.0,1.0,1.0,4.0
637,1.0,1.0,1.0,1.0
638,1.0,1.0,1.0,1.0
639,1.0,0.0,0.0,1.0
640,1.0,1.0,1.0,2.0
641,1.0,1.0,1.0,4.0
642,1.0,0.0,0.0,1.0
643,1.0,1.0,1.0,1.0
644,1.0,1.0,1.0,3.0
645,1.0,0.0,0.0,1.0
646,1.0,0.5,0.6666666666666666,2.0
647,1.0,0.0,0.0,4.0
648,0.5,0.5,0.5,2.0
649,1.0,1.0,1.0,1.0
650,1.0,0.0,0.0,1.0
651,1.0,1.0,1.0,2.0
652,0.875,0.6363636363636364,0.7368421052631579,11.0
653,1.0,0.0,0.0,1.0
654,0.3333333333333333,1.0,0.5,1.0
655,1.0,0.0,0.0,1.0
656,1.0,0.0,0.0,1.0
657,1.0,0.0,0.0,1.0
658,0.5,0.5,0.5,2.0
659,0.5,0.25,0.3333333333333333,4.0
660,1.0,1.0,1.0,1.0
661,1.0,1.0,1.0,1.0
662,1.0,0.0,0.0,1.0
663,1.0,0.0,0.0,1.0
664,0.5,1.0,0.6666666666666666,1.0
665,1.0,0.5,0.6666666666666666,2.0
666,1.0,1.0,1.0,1.0
667,0.6,0.5,0.5454545454545454,6.0
668,1.0,1.0,1.0,1.0
669,1.0,1.0,1.0,1.0
670,1.0,0.0,0.0,1.0
671,1.0,1.0,1.0,17.0
672,1.0,1.0,1.0,1.0
673,1.0,1.0,1.0,1.0
674,0.6666666666666666,1.0,0.8,2.0
675,0.875,1.0,0.9333333333333333,7.0
676,1.0,1.0,1.0,2.0
677,1.0,1.0,1.0,1.0
678,1.0,0.0,0.0,1.0
679,1.0,1.0,1.0,2.0
680,1.0,0.0,0.0,1.0
681,1.0,1.0,1.0,1.0
682,1.0,1.0,1.0,1.0
683,1.0,1.0,1.0,2.0
684,1.0,1.0,1.0,1.0
685,1.0,1.0,1.0,1.0
686,1.0,0.0,0.0,1.0
687,1.0,1.0,1.0,1.0
688,1.0,0.0,0.0,1.0
689,1.0,0.0,0.0,1.0
690,1.0,1.0,1.0,1.0
691,0.8679245283018868,1.0,0.9292929292929293,46.0
692,1.0,0.0,0.0,1.0
693,1.0,0.0,0.0,1.0
694,0.9166666666666666,0.8461538461538461,0.88,13.0
695,1.0,1.0,1.0,1.0
696,1.0,1.0,1.0,2.0
697,0.76,0.7916666666666666,0.7755102040816326,24.0
698,1.0,0.5,0.6666666666666666,2.0
699,1.0,1.0,1.0,1.0
700,1.0,0.0,0.0,1.0
701,1.0,1.0,1.0,1.0
702,1.0,1.0,1.0,2.0
703,0.3333333333333333,1.0,0.5,1.0
704,0.46153846153846156,0.6,0.5217391304347826,10.0
705,1.0,0.0,0.0,2.0
706,1.0,1.0,1.0,2.0
707,1.0,0.75,0.8571428571428571,4.0
708,0.7391304347826086,0.85,0.7906976744186046,20.0
709,1.0,1.0,1.0,3.0
710,1.0,0.0,0.0,1.0
711,1.0,0.0,0.0,1.0
712,1.0,1.0,1.0,1.0
713,0.0,0.0,0.0,1.0
714,1.0,0.0,0.0,1.0
715,1.0,0.0,0.0,1.0
716,1.0,0.0,0.0,1.0
717,1.0,1.0,1.0,1.0
718,1.0,1.0,1.0,1.0
719,1.0,1.0,1.0,3.0
720,0.5,0.5,0.5,2.0
721,1.0,0.0,0.0,1.0
722,1.0,1.0,1.0,1.0
723,1.0,1.0,1.0,1.0
724,1.0,0.0,0.0,1.0
725,1.0,0.0,0.0,2.0
726,0.6666666666666666,1.0,0.8,2.0
727,0.8571428571428571,1.0,0.9230769230769231,12.0
728,1.0,0.9411764705882353,0.9696969696969697,17.0
729,0.8125,0.9629629629629629,0.8813559322033898,27.0
730,1.0,0.6,0.75,5.0
731,1.0,0.0,0.0,2.0
732,1.0,0.0,0.0,1.0
733,1.0,1.0,1.0,4.0
734,1.0,1.0,1.0,1.0
735,1.0,0.0,0.0,1.0
736,1.0,1.0,1.0,2.0
737,1.0,1.0,1.0,1.0
738,1.0,1.0,1.0,1.0
739,1.0,0.6666666666666666,0.8,3.0
740,0.5,1.0,0.6666666666666666,1.0
741,1.0,1.0,1.0,4.0
742,0.2,1.0,0.3333333333333333,1.0
743,1.0,1.0,1.0,1.0
744,1.0,1.0,1.0,2.0
745,1.0,0.0,0.0,1.0
746,1.0,1.0,1.0,1.0
747,1.0,0.8461538461538461,0.9166666666666666,13.0
748,0.0,0.0,0.0,1.0
749,1.0,0.0,0.0,1.0
750,1.0,0.0,0.0,2.0
751,1.0,1.0,1.0,1.0
752,1.0,1.0,1.0,2.0
753,0.5,1.0,0.6666666666666666,1.0
754,1.0,1.0,1.0,1.0
755,1.0,0.0,0.0,2.0
756,1.0,1.0,1.0,1.0
757,0.75,1.0,0.8571428571428571,3.0
758,1.0,1.0,1.0,5.0
759,1.0,0.0,0.0,1.0
760,1.0,1.0,1.0,2.0
761,1.0,1.0,1.0,2.0
762,0.75,1.0,0.8571428571428571,3.0
763,1.0,1.0,1.0,2.0
764,1.0,0.0,0.0,2.0
765,0.6666666666666666,0.6666666666666666,0.6666666666666666,3.0
766,1.0,0.75,0.8571428571428571,4.0
767,1.0,1.0,1.0,1.0
768,1.0,1.0,1.0,2.0
769,0.8571428571428571,0.9473684210526315,0.9,19.0
770,1.0,0.5,0.6666666666666666,2.0
771,1.0,0.0,0.0,1.0
772,1.0,1.0,1.0,3.0
773,0.75,1.0,0.8571428571428571,3.0
774,1.0,1.0,1.0,2.0
775,1.0,0.3333333333333333,0.5,3.0
776,0.5,1.0,0.6666666666666666,1.0
777,1.0,1.0,1.0,1.0
778,1.0,0.0,0.0,1.0
779,1.0,1.0,1.0,4.0
780,1.0,1.0,1.0,1.0
781,1.0,1.0,1.0,1.0
782,1.0,1.0,1.0,2.0
783,1.0,1.0,1.0,2.0
784,0.5,1.0,0.6666666666666666,2.0
785,1.0,0.0,0.0,1.0
786,1.0,1.0,1.0,1.0
787,1.0,1.0,1.0,1.0
788,1.0,1.0,1.0,5.0
789,0.875,0.875,0.875,8.0
790,1.0,1.0,1.0,1.0
791,1.0,0.6666666666666666,0.8,3.0
792,1.0,1.0,1.0,1.0
793,1.0,0.0,0.0,1.0
794,0.5,0.6666666666666666,0.5714285714285714,18.0
795,1.0,0.5,0.6666666666666666,6.0
796,0.6666666666666666,1.0,0.8,2.0
797,0.8414634146341463,0.9324324324324325,0.8846153846153846,74.0
798,1.0,1.0,1.0,1.0
799,1.0,0.0,0.0,1.0
800,1.0,1.0,1.0,1.0
801,1.0,1.0,1.0,2.0
802,1.0,1.0,1.0,2.0
803,1.0,0.0,0.0,1.0
804,1.0,0.5555555555555556,0.7142857142857143,9.0
805,1.0,0.5,0.6666666666666666,2.0
806,1.0,1.0,1.0,1.0
807,1.0,0.0,0.0,1.0
808,1.0,0.0,0.0,1.0
809,1.0,0.0,0.0,1.0
810,1.0,1.0,1.0,3.0
811,1.0,0.0,0.0,1.0
812,1.0,1.0,1.0,7.0
813,1.0,1.0,1.0,3.0
814,0.25,1.0,0.4,1.0
815,1.0,1.0,1.0,54.0
816,1.0,1.0,1.0,1.0
817,1.0,1.0,1.0,1.0
818,1.0,0.0,0.0,2.0
819,1.0,0.0,0.0,2.0
820,1.0,1.0,1.0,2.0
821,1.0,0.4666666666666667,0.6363636363636364,15.0
822,0.9565217391304348,0.9565217391304348,0.9565217391304348,23.0
823,1.0,0.0,0.0,2.0
824,0.0,0.0,0.0,2.0
825,0.7735849056603774,1.0,0.8723404255319149,41.0
826,1.0,1.0,1.0,1.0
827,0.5,1.0,0.6666666666666666,1.0
828,0.6666666666666666,1.0,0.8,2.0
829,0.5,1.0,0.6666666666666666,1.0
830,1.0,0.75,0.8571428571428571,4.0
831,1.0,1.0,1.0,4.0
832,0.8,1.0,0.8888888888888888,4.0
833,0.8,1.0,0.8888888888888888,4.0
834,1.0,0.0,0.0,1.0
835,1.0,1.0,1.0,3.0
836,1.0,1.0,1.0,8.0
837,1.0,1.0,1.0,3.0
838,1.0,0.0,0.0,1.0
839,1.0,1.0,1.0,1.0
840,1.0,1.0,1.0,1.0
841,1.0,0.0,0.0,1.0
842,1.0,1.0,1.0,3.0
843,1.0,1.0,1.0,1.0
844,0.8,1.0,0.8888888888888888,4.0
845,0.5,0.5,0.5,2.0
846,1.0,1.0,1.0,1.0
847,0.9,1.0,0.9473684210526315,9.0
848,1.0,1.0,1.0,1.0
849,1.0,1.0,1.0,2.0
850,1.0,0.25,0.4,4.0
851,1.0,1.0,1.0,1.0
852,1.0,0.0,0.0,1.0
853,1.0,1.0,1.0,4.0
854,1.0,0.5,0.6666666666666666,2.0
855,1.0,1.0,1.0,1.0
856,1.0,1.0,1.0,1.0
857,1.0,1.0,1.0,1.0
858,1.0,1.0,1.0,1.0
859,1.0,1.0,1.0,1.0
860,0.8663594470046083,0.9791666666666666,0.9193154034229829,192.0
861,1.0,1.0,1.0,3.0
862,0.8571428571428571,1.0,0.9230769230769231,6.0
863,0.6666666666666666,0.6666666666666666,0.6666666666666666,3.0
864,1.0,1.0,1.0,3.0
865,1.0,1.0,1.0,1.0
866,1.0,1.0,1.0,2.0
867,1.0,0.5,0.6666666666666666,2.0
868,0.8695652173913043,0.8333333333333334,0.851063829787234,48.0
869,0.6666666666666666,1.0,0.8,2.0
870,0.75,0.75,0.75,4.0
871,1.0,1.0,1.0,1.0
872,1.0,1.0,1.0,2.0
873,1.0,1.0,1.0,3.0
874,1.0,0.0,0.0,3.0
875,1.0,0.6666666666666666,0.8,3.0
876,1.0,0.0,0.0,1.0
877,1.0,1.0,1.0,1.0
878,1.0,1.0,1.0,1.0
879,1.0,0.7272727272727273,0.8421052631578947,11.0
880,0.5,1.0,0.6666666666666666,1.0
881,1.0,0.5,0.6666666666666666,2.0
882,1.0,1.0,1.0,1.0
883,1.0,1.0,1.0,1.0
884,1.0,0.0,0.0,1.0
885,1.0,0.0,0.0,1.0
886,1.0,1.0,1.0,2.0
887,1.0,1.0,1.0,2.0
888,1.0,1.0,1.0,2.0
889,1.0,1.0,1.0,2.0
890,1.0,1.0,1.0,1.0
891,1.0,0.5,0.6666666666666666,4.0
892,1.0,1.0,1.0,1.0
893,0.5,1.0,0.6666666666666666,1.0
894,1.0,0.0,0.0,1.0
895,1.0,1.0,1.0,2.0
896,0.5,1.0,0.6666666666666666,1.0
897,1.0,1.0,1.0,1.0
898,1.0,0.0,0.0,1.0
899,1.0,0.5,0.6666666666666666,2.0
900,1.0,1.0,1.0,1.0
901,1.0,1.0,1.0,1.0
902,0.5,1.0,0.6666666666666666,1.0
903,1.0,0.0,0.0,1.0
904,1.0,1.0,1.0,1.0
905,1.0,1.0,1.0,1.0
906,1.0,1.0,1.0,1.0
907,0.5,1.0,0.6666666666666666,1.0
908,0.75,1.0,0.8571428571428571,3.0
909,1.0,1.0,1.0,2.0
910,0.5,1.0,0.6666666666666666,2.0
911,1.0,0.0,0.0,1.0
912,1.0,1.0,1.0,1.0
913,1.0,1.0,1.0,2.0
914,1.0,0.0,0.0,1.0
915,1.0,0.0,0.0,1.0
916,1.0,1.0,1.0,1.0
917,1.0,1.0,1.0,1.0
918,1.0,1.0,1.0,1.0
919,0.5,0.5,0.5,2.0
920,1.0,0.0,0.0,1.0
921,1.0,0.0,0.0,1.0
922,0.5,1.0,0.6666666666666666,1.0
923,0.125,0.5,0.2,2.0
924,1.0,1.0,1.0,1.0
925,1.0,0.0,0.0,1.0
926,1.0,1.0,1.0,1.0
927,1.0,1.0,1.0,1.0
928,1.0,1.0,1.0,13.0
929,1.0,1.0,1.0,1.0
930,0.875,0.875,0.875,8.0
931,1.0,1.0,1.0,1.0
932,1.0,1.0,1.0,2.0
933,1.0,1.0,1.0,1.0
934,0.8,1.0,0.8888888888888888,4.0
935,1.0,1.0,1.0,1.0
936,1.0,0.0,0.0,1.0
937,0.6,1.0,0.75,6.0
938,1.0,1.0,1.0,1.0
939,1.0,1.0,1.0,1.0
940,1.0,1.0,1.0,8.0
941,1.0,1.0,1.0,1.0
942,0.5,0.5,0.5,2.0
943,1.0,1.0,1.0,1.0
944,1.0,0.0,0.0,1.0
945,1.0,1.0,1.0,1.0
946,1.0,0.5,0.6666666666666666,2.0
947,1.0,0.0,0.0,1.0
948,1.0,0.0,0.0,1.0
949,1.0,0.0,0.0,1.0
950,0.6666666666666666,1.0,0.8,2.0
951,1.0,1.0,1.0,1.0
952,1.0,1.0,1.0,2.0
953,1.0,1.0,1.0,2.0
954,1.0,1.0,1.0,4.0
955,1.0,1.0,1.0,2.0
956,1.0,1.0,1.0,3.0
957,1.0,1.0,1.0,1.0
958,0.875,0.875,0.875,8.0
959,1.0,1.0,1.0,2.0
960,1.0,1.0,1.0,1.0
961,0.5,1.0,0.6666666666666666,1.0
962,1.0,1.0,1.0,2.0
963,0.9259259259259259,1.0,0.9615384615384616,25.0
964,0.5,0.5,0.5,2.0
965,0.3333333333333333,1.0,0.5,1.0
966,0.75,1.0,0.8571428571428571,6.0
967,0.75,1.0,0.8571428571428571,3.0
968,1.0,1.0,1.0,5.0
969,1.0,1.0,1.0,1.0
970,1.0,0.9583333333333334,0.9787234042553191,24.0
971,0.75,1.0,0.8571428571428571,3.0
972,1.0,0.6,0.75,5.0
973,1.0,1.0,1.0,1.0
974,0.8387096774193549,1.0,0.9122807017543859,26.0
975,1.0,0.6,0.75,5.0
976,1.0,0.3333333333333333,0.5,3.0
977,1.0,0.0,0.0,1.0
978,1.0,1.0,1.0,1.0
979,0.9230769230769231,0.9230769230769231,0.9230769230769231,13.0
980,0.875,1.0,0.9333333333333333,7.0
981,0.5,0.5,0.5,2.0
982,1.0,1.0,1.0,1.0
983,1.0,1.0,1.0,1.0
984,1.0,1.0,1.0,1.0
985,0.9038461538461539,0.9791666666666666,0.94,48.0
986,1.0,1.0,1.0,1.0
987,1.0,1.0,1.0,1.0
988,1.0,1.0,1.0,1.0
989,0.5,1.0,0.6666666666666666,1.0
990,0.9090909090909091,1.0,0.9523809523809523,10.0
991,0.5,1.0,0.6666666666666666,1.0
992,1.0,1.0,1.0,1.0
993,1.0,1.0,1.0,6.0
994,1.0,0.0,0.0,1.0
995,0.8333333333333334,1.0,0.9090909090909091,5.0
996,1.0,1.0,1.0,1.0
997,1.0,1.0,1.0,1.0
998,1.0,1.0,1.0,2.0
999,1.0,0.0,0.0,2.0
1000,1.0,1.0,1.0,3.0
1001,1.0,1.0,1.0,3.0
1002,0.6666666666666666,1.0,0.8,2.0
1003,1.0,1.0,1.0,1.0
1004,1.0,1.0,1.0,1.0
1005,1.0,0.0,0.0,1.0
1006,1.0,1.0,1.0,1.0
1007,1.0,1.0,1.0,1.0
1008,1.0,1.0,1.0,1.0
1009,1.0,1.0,1.0,5.0
1010,1.0,1.0,1.0,1.0
1011,1.0,1.0,1.0,1.0
1012,1.0,0.0,0.0,1.0
1013,1.0,1.0,1.0,1.0
1014,1.0,1.0,1.0,2.0
1015,1.0,0.0,0.0,1.0
1016,1.0,0.0,0.0,1.0
1017,1.0,1.0,1.0,2.0
1018,1.0,1.0,1.0,1.0
1019,0.9090909090909091,1.0,0.9523809523809523,10.0
1020,1.0,1.0,1.0,39.0
1021,1.0,1.0,1.0,1.0
1022,0.5,1.0,0.6666666666666666,1.0
1023,1.0,1.0,1.0,1.0
1024,1.0,0.0,0.0,1.0
1025,1.0,0.0,0.0,1.0
1026,1.0,1.0,1.0,1.0
1027,1.0,1.0,1.0,3.0
1028,0.625,0.8333333333333334,0.7142857142857143,6.0
1029,1.0,1.0,1.0,1.0
1030,0.8888888888888888,1.0,0.9411764705882353,8.0
1031,1.0,1.0,1.0,2.0
1032,1.0,0.0,0.0,1.0
1033,1.0,0.5,0.6666666666666666,2.0
1034,0.8888888888888888,1.0,0.9411764705882353,8.0
1035,1.0,1.0,1.0,2.0
1036,0.75,1.0,0.8571428571428571,3.0
1037,1.0,0.0,0.0,1.0
1038,1.0,0.3333333333333333,0.5,3.0
1039,1.0,1.0,1.0,2.0
1040,1.0,1.0,1.0,1.0
1041,1.0,1.0,1.0,1.0
1042,1.0,1.0,1.0,1.0
1043,1.0,1.0,1.0,3.0
1044,1.0,1.0,1.0,1.0
1045,1.0,1.0,1.0,1.0
1046,1.0,1.0,1.0,1.0
1047,1.0,1.0,1.0,1.0
1048,1.0,1.0,1.0,3.0
1049,1.0,1.0,1.0,1.0
1050,1.0,1.0,1.0,3.0
1051,1.0,1.0,1.0,3.0
1052,1.0,1.0,1.0,2.0
1053,1.0,1.0,1.0,6.0
1054,0.84,1.0,0.9130434782608695,21.0
1055,1.0,1.0,1.0,13.0
1056,1.0,1.0,1.0,3.0
1057,1.0,0.0,0.0,2.0
1058,1.0,1.0,1.0,3.0
1059,1.0,0.5,0.6666666666666666,2.0
1060,1.0,1.0,1.0,1.0
1061,1.0,1.0,1.0,4.0
1062,0.5,1.0,0.6666666666666666,1.0
1063,1.0,0.0,0.0,1.0
1064,1.0,1.0,1.0,5.0
1065,1.0,1.0,1.0,2.0
1066,0.6,0.75,0.6666666666666666,4.0
1067,0.8536585365853658,0.8536585365853658,0.8536585365853658,41.0
1068,0.8260869565217391,0.9743589743589743,0.8941176470588236,39.0
1069,0.42857142857142855,1.0,0.6,3.0
1070,1.0,1.0,1.0,4.0
1071,1.0,0.0,0.0,1.0
1072,0.5714285714285714,1.0,0.7272727272727273,4.0
1073,1.0,1.0,1.0,1.0
1074,1.0,0.0,0.0,1.0
1075,1.0,1.0,1.0,4.0
1076,1.0,0.0,0.0,1.0
1077,1.0,0.0,0.0,1.0
1078,1.0,1.0,1.0,2.0
1079,1.0,1.0,1.0,3.0
1080,1.0,0.6666666666666666,0.8,3.0
1081,1.0,1.0,1.0,1.0
1082,1.0,1.0,1.0,1.0
1083,0.5,0.6666666666666666,0.5714285714285714,3.0
1084,1.0,0.0,0.0,1.0
1085,1.0,1.0,1.0,1.0
1086,1.0,1.0,1.0,1.0
1087,1.0,0.0,0.0,1.0
1088,1.0,0.75,0.8571428571428571,4.0
1089,1.0,1.0,1.0,1.0
1090,1.0,1.0,1.0,2.0
1091,1.0,1.0,1.0,2.0
1092,1.0,1.0,1.0,1.0
1093,1.0,1.0,1.0,8.0
1094,1.0,0.0,0.0,1.0
1095,1.0,1.0,1.0,1.0
1096,1.0,1.0,1.0,1.0
1097,1.0,1.0,1.0,2.0
1098,1.0,1.0,1.0,1.0
1099,1.0,1.0,1.0,3.0
1100,1.0,1.0,1.0,1.0
1101,1.0,1.0,1.0,1.0
1102,1.0,1.0,1.0,3.0
1103,1.0,1.0,1.0,8.0
1104,1.0,1.0,1.0,4.0
1105,1.0,1.0,1.0,1.0
1106,1.0,1.0,1.0,2.0
1107,1.0,1.0,1.0,1.0
1108,1.0,0.6666666666666666,0.8,3.0
1109,1.0,0.5,0.6666666666666666,2.0
1110,1.0,1.0,1.0,3.0
1111,1.0,1.0,1.0,1.0
1112,1.0,1.0,1.0,1.0
1113,1.0,1.0,1.0,2.0
1114,1.0,1.0,1.0,1.0
1115,1.0,1.0,1.0,4.0
1116,1.0,1.0,1.0,1.0
1117,1.0,1.0,1.0,2.0
1118,0.8333333333333334,0.7142857142857143,0.7692307692307693,7.0
1119,0.5,1.0,0.6666666666666666,1.0
1120,1.0,1.0,1.0,1.0
1121,1.0,1.0,1.0,3.0
1122,1.0,0.0,0.0,1.0
1123,1.0,1.0,1.0,1.0
1124,1.0,1.0,1.0,2.0
1125,1.0,1.0,1.0,1.0
1126,1.0,1.0,1.0,3.0
1127,1.0,1.0,1.0,3.0
1128,1.0,1.0,1.0,1.0
1129,0.5,1.0,0.6666666666666666,1.0
1130,1.0,1.0,1.0,1.0
1131,1.0,0.0,0.0,1.0
1132,1.0,0.5,0.6666666666666666,2.0
1133,1.0,1.0,1.0,3.0
1134,0.8888888888888888,1.0,0.9411764705882353,8.0
1135,1.0,1.0,1.0,2.0
1136,1.0,1.0,1.0,1.0
1137,0.8,1.0,0.8888888888888888,4.0
1138,1.0,0.0,0.0,1.0
1139,1.0,1.0,1.0,1.0
1140,0.9090909090909091,0.9090909090909091,0.9090909090909091,11.0
1141,1.0,0.5,0.6666666666666666,2.0
1142,1.0,0.6,0.75,5.0
1143,0.2,1.0,0.3333333333333333,1.0
1144,1.0,1.0,1.0,2.0
1145,1.0,1.0,1.0,2.0
1146,1.0,1.0,1.0,1.0
1147,1.0,0.0,0.0,3.0
1148,1.0,1.0,1.0,3.0
1149,1.0,1.0,1.0,13.0
1150,1.0,1.0,1.0,2.0
1151,1.0,0.0,0.0,1.0
1152,1.0,0.0,0.0,1.0
1153,0.6756756756756757,0.78125,0.7246376811594203,32.0
1154,1.0,1.0,1.0,1.0
1155,0.75,1.0,0.8571428571428571,3.0
1156,1.0,1.0,1.0,1.0
1157,1.0,1.0,1.0,3.0
1158,1.0,1.0,1.0,3.0
1159,1.0,0.3333333333333333,0.5,3.0
1160,1.0,1.0,1.0,1.0
1161,1.0,0.0,0.0,1.0
1162,0.5,1.0,0.6666666666666666,1.0
1163,1.0,1.0,1.0,1.0
1164,1.0,1.0,1.0,2.0
1165,1.0,0.3333333333333333,0.5,3.0
1166,1.0,1.0,1.0,1.0
1167,0.7804878048780488,0.9696969696969697,0.8648648648648649,33.0
1168,1.0,1.0,1.0,1.0
1169,1.0,1.0,1.0,1.0
1170,1.0,1.0,1.0,1.0
1171,1.0,1.0,1.0,1.0
1172,1.0,1.0,1.0,1.0
1173,0.5,1.0,0.6666666666666666,1.0
1174,1.0,0.0,0.0,2.0
1175,0.6,1.0,0.75,3.0
1176,1.0,1.0,1.0,2.0
1177,1.0,0.0,0.0,1.0
1178,1.0,0.0,0.0,1.0
1179,1.0,1.0,1.0,1.0
1180,0.8,0.8888888888888888,0.8421052631578947,9.0
1181,1.0,0.0,0.0,1.0
1182,1.0,1.0,1.0,3.0
1183,1.0,1.0,1.0,1.0
1184,1.0,1.0,1.0,1.0
1185,1.0,1.0,1.0,4.0
1186,1.0,1.0,1.0,2.0
1187,1.0,0.0,0.0,1.0
1188,1.0,1.0,1.0,1.0
1189,1.0,1.0,1.0,2.0
1190,1.0,0.0,0.0,1.0
1191,1.0,1.0,1.0,1.0
1192,1.0,1.0,1.0,1.0
1193,1.0,0.0,0.0,1.0
1194,0.25,1.0,0.4,1.0
1195,1.0,0.8571428571428571,0.9230769230769231,7.0
1196,1.0,1.0,1.0,2.0
1197,0.5,0.3333333333333333,0.4,3.0
1198,1.0,1.0,1.0,1.0
1199,1.0,1.0,1.0,1.0
1200,0.6666666666666666,1.0,0.8,2.0
1201,1.0,1.0,1.0,1.0
1202,0.5,1.0,0.6666666666666666,1.0
1203,1.0,0.9230769230769231,0.96,13.0
1204,1.0,1.0,1.0,1.0
1205,1.0,1.0,1.0,4.0
1206,1.0,1.0,1.0,1.0
1207,1.0,1.0,1.0,1.0
1208,0.8,1.0,0.8888888888888888,4.0
1209,1.0,1.0,1.0,1.0
1210,1.0,1.0,1.0,1.0
1211,1.0,1.0,1.0,1.0
1212,1.0,0.0,0.0,1.0
1213,1.0,1.0,1.0,5.0
1214,1.0,1.0,1.0,1.0
1215,0.0,0.0,0.0,1.0
1216,1.0,0.8636363636363636,0.926829268292683,22.0
1217,1.0,1.0,1.0,2.0
1218,1.0,0.0,0.0,1.0
1219,0.6666666666666666,0.5,0.5714285714285714,4.0
1220,1.0,1.0,1.0,1.0
1221,0.8333333333333334,1.0,0.9090909090909091,5.0
1222,1.0,0.0,0.0,2.0
1223,0.0,0.0,0.0,1.0
1224,1.0,0.9166666666666666,0.9565217391304348,12.0
1225,1.0,1.0,1.0,2.0
1226,1.0,0.8333333333333334,0.9090909090909091,6.0
1227,1.0,1.0,1.0,5.0
1228,0.8787878787878788,0.9354838709677419,0.90625,31.0
1229,0.5,1.0,0.6666666666666666,1.0
1230,0.6666666666666666,1.0,0.8,2.0
1231,1.0,1.0,1.0,3.0
1232,0.875,0.9545454545454546,0.9130434782608695,22.0
1233,1.0,1.0,1.0,1.0
1234,0.75,1.0,0.8571428571428571,3.0
1235,1.0,1.0,1.0,2.0
1236,1.0,1.0,1.0,1.0
1237,1.0,1.0,1.0,2.0
1238,1.0,1.0,1.0,1.0
1239,1.0,1.0,1.0,1.0
1240,1.0,1.0,1.0,2.0
1241,1.0,1.0,1.0,1.0
1242,1.0,1.0,1.0,1.0
1243,0.0,0.0,0.0,1.0
1244,0.7142857142857143,0.9523809523809523,0.8163265306122449,42.0
1245,1.0,0.0,0.0,3.0
1246,1.0,1.0,1.0,1.0
1247,1.0,1.0,1.0,5.0
1248,1.0,1.0,1.0,7.0
1249,1.0,0.7142857142857143,0.8333333333333334,7.0
1250,1.0,1.0,1.0,2.0
1251,1.0,0.0,0.0,1.0
1252,0.9459459459459459,1.0,0.9722222222222222,35.0
1253,1.0,1.0,1.0,1.0
1254,0.8333333333333334,1.0,0.9090909090909091,5.0
1255,0.9333333333333333,1.0,0.9655172413793104,14.0
1256,1.0,1.0,1.0,2.0
1257,0.75,1.0,0.8571428571428571,3.0
1258,1.0,0.5,0.6666666666666666,2.0
1259,1.0,1.0,1.0,2.0
1260,1.0,1.0,1.0,2.0
1261,1.0,1.0,1.0,1.0
1262,1.0,0.9166666666666666,0.9565217391304348,12.0
1263,1.0,1.0,1.0,1.0
1264,1.0,1.0,1.0,1.0
1265,1.0,1.0,1.0,1.0
1266,1.0,1.0,1.0,1.0
1267,0.7857142857142857,1.0,0.88,11.0
1268,1.0,1.0,1.0,5.0
1269,0.9333333333333333,1.0,0.9655172413793104,14.0
1270,1.0,1.0,1.0,8.0
1271,1.0,1.0,1.0,2.0
1272,1.0,1.0,1.0,1.0
1273,1.0,1.0,1.0,1.0
1274,0.5,0.5,0.5,2.0
1275,1.0,1.0,1.0,3.0
1276,1.0,0.5,0.6666666666666666,2.0
1277,0.5714285714285714,1.0,0.7272727272727273,4.0
1278,1.0,0.0,0.0,1.0
1279,1.0,0.8571428571428571,0.9230769230769231,7.0
1280,1.0,0.0,0.0,1.0
1281,0.9047619047619048,1.0,0.95,19.0
1282,1.0,1.0,1.0,1.0
1283,1.0,0.5,0.6666666666666666,2.0
1284,1.0,1.0,1.0,2.0
1285,1.0,1.0,1.0,8.0
1286,1.0,1.0,1.0,4.0
1287,1.0,1.0,1.0,3.0
1288,1.0,0.5,0.6666666666666666,2.0
1289,1.0,0.0,0.0,1.0
1290,0.5,1.0,0.6666666666666666,1.0
1291,1.0,1.0,1.0,7.0
1292,1.0,1.0,1.0,2.0
1293,1.0,0.5,0.6666666666666666,2.0
1294,1.0,1.0,1.0,1.0
1295,0.3333333333333333,1.0,0.5,1.0
1296,1.0,0.0,0.0,1.0
1297,0.6666666666666666,0.5,0.5714285714285714,4.0
1298,0.75,0.42857142857142855,0.5454545454545454,7.0
1299,1.0,0.0,0.0,1.0
1300,1.0,0.0,0.0,1.0
1301,1.0,0.0,0.0,1.0
1302,0.0,0.0,0.0,1.0
1303,1.0,0.0,0.0,1.0
1304,0.8787878787878788,1.0,0.9354838709677419,29.0
1305,1.0,1.0,1.0,1.0
1306,1.0,1.0,1.0,1.0
1307,0.6666666666666666,1.0,0.8,2.0
1308,1.0,1.0,1.0,2.0
1309,1.0,1.0,1.0,2.0
1310,0.75,0.75,0.75,4.0
1311,0.8333333333333334,0.8333333333333334,0.8333333333333334,6.0
1312,1.0,0.0,0.0,1.0
1313,1.0,0.5,0.6666666666666666,2.0
1314,1.0,1.0,1.0,1.0
1315,1.0,1.0,1.0,1.0
1316,1.0,0.0,0.0,1.0
1317,1.0,0.6666666666666666,0.8,3.0
1318,1.0,1.0,1.0,1.0
1319,1.0,1.0,1.0,1.0
1320,1.0,1.0,1.0,3.0
1321,1.0,1.0,1.0,1.0
1322,1.0,1.0,1.0,1.0
1323,1.0,1.0,1.0,2.0
1324,1.0,0.0,0.0,1.0
1325,0.5,1.0,0.6666666666666666,2.0
1326,0.75,0.75,0.75,4.0
1327,0.6666666666666666,1.0,0.8,2.0
1328,1.0,0.0,0.0,1.0
1329,1.0,0.0,0.0,1.0
1330,1.0,0.0,0.0,1.0
1331,0.6666666666666666,1.0,0.8,2.0
1332,1.0,1.0,1.0,8.0
1333,1.0,0.0,0.0,2.0
1334,1.0,0.0,0.0,1.0
1335,1.0,1.0,1.0,1.0
1336,1.0,0.0,0.0,1.0
1337,0.75,0.6,0.6666666666666666,5.0
1338,0.6666666666666666,1.0,0.8,2.0
1339,0.6666666666666666,1.0,0.8,4.0
1340,0.8235294117647058,0.8235294117647058,0.8235294117647058,17.0
1341,1.0,0.0,0.0,1.0
1342,1.0,0.0,0.0,1.0
1343,0.6666666666666666,0.6,0.631578947368421,10.0
1344,1.0,0.0,0.0,1.0
1345,1.0,0.0,0.0,1.0
1346,1.0,0.0,0.0,1.0
1347,0.5,0.5,0.5,2.0
1348,0.96875,0.96875,0.96875,32.0
1349,1.0,1.0,1.0,2.0
1350,0.7,1.0,0.8235294117647058,7.0
1351,0.3333333333333333,0.5,0.4,2.0
1352,1.0,0.0,0.0,1.0
1353,1.0,0.0,0.0,1.0
1354,1.0,0.0,0.0,1.0
1355,1.0,0.0,0.0,1.0
1356,1.0,0.0,0.0,1.0
1357,1.0,0.0,0.0,1.0
1358,1.0,1.0,1.0,2.0
1359,1.0,0.0,0.0,1.0
1360,1.0,0.6666666666666666,0.8,3.0
1361,1.0,0.0,0.0,1.0
1362,1.0,1.0,1.0,1.0
1363,0.6666666666666666,1.0,0.8,2.0
1364,1.0,0.75,0.8571428571428571,4.0
1365,1.0,0.0,0.0,1.0
1366,1.0,0.5,0.6666666666666666,2.0
1367,0.8,0.8,0.8,5.0
1368,1.0,0.8,0.8888888888888888,5.0
1369,1.0,1.0,1.0,2.0
1370,0.6666666666666666,1.0,0.8,2.0
1371,1.0,1.0,1.0,1.0
1372,0.5,1.0,0.6666666666666666,1.0
1373,0.3333333333333333,1.0,0.5,2.0
1374,1.0,1.0,1.0,5.0
1375,1.0,1.0,1.0,2.0
1376,1.0,0.0,0.0,3.0
1377,1.0,0.0,0.0,2.0
1378,1.0,1.0,1.0,3.0
1379,0.8571428571428571,1.0,0.9230769230769231,6.0
1380,0.5,0.5,0.5,2.0
1381,1.0,1.0,1.0,1.0
1382,1.0,1.0,1.0,1.0
1383,1.0,1.0,1.0,1.0
1384,0.9166666666666666,1.0,0.9565217391304348,11.0
1385,1.0,1.0,1.0,1.0
1386,0.8888888888888888,1.0,0.9411764705882353,8.0
1387,0.6470588235294118,0.9166666666666666,0.7586206896551724,12.0
1388,1.0,1.0,1.0,1.0
1389,1.0,0.5,0.6666666666666666,2.0
1390,1.0,1.0,1.0,2.0
1391,1.0,1.0,1.0,12.0
1392,1.0,0.0,0.0,1.0
1393,1.0,1.0,1.0,1.0
1394,1.0,1.0,1.0,5.0
1395,1.0,1.0,1.0,1.0
1396,1.0,0.5,0.6666666666666666,2.0
1397,1.0,1.0,1.0,1.0
1398,1.0,0.6666666666666666,0.8,3.0
1399,1.0,1.0,1.0,1.0
1400,1.0,1.0,1.0,2.0
1401,0.5,1.0,0.6666666666666666,1.0
1402,0.0,0.0,0.0,2.0
1403,1.0,1.0,1.0,1.0
1404,1.0,0.0,0.0,1.0
1405,1.0,1.0,1.0,4.0
1406,1.0,1.0,1.0,5.0
1407,1.0,1.0,1.0,2.0
1408,0.75,1.0,0.8571428571428571,3.0
1409,1.0,1.0,1.0,4.0
1410,1.0,1.0,1.0,1.0
1411,1.0,1.0,1.0,2.0
1412,1.0,1.0,1.0,1.0
1413,1.0,1.0,1.0,1.0
1414,0.7142857142857143,1.0,0.8333333333333334,5.0
1415,1.0,0.8888888888888888,0.9411764705882353,9.0
1416,1.0,1.0,1.0,4.0
1417,1.0,1.0,1.0,5.0
1418,1.0,0.6666666666666666,0.8,3.0
1419,0.6666666666666666,1.0,0.8,8.0
1420,1.0,1.0,1.0,1.0
1421,1.0,1.0,1.0,1.0
1422,0.75,1.0,0.8571428571428571,3.0
1423,1.0,1.0,1.0,2.0
1424,1.0,0.5,0.6666666666666666,2.0
1425,1.0,1.0,1.0,1.0
1426,1.0,1.0,1.0,3.0
1427,1.0,1.0,1.0,2.0
1428,1.0,1.0,1.0,1.0
1429,0.7777777777777778,1.0,0.875,7.0
1430,1.0,1.0,1.0,1.0
1431,1.0,1.0,1.0,1.0
1432,1.0,1.0,1.0,4.0
1433,1.0,1.0,1.0,1.0
1434,1.0,1.0,1.0,2.0
1435,1.0,1.0,1.0,1.0
1436,1.0,1.0,1.0,1.0
1437,1.0,1.0,1.0,2.0
1438,1.0,1.0,1.0,2.0
1439,1.0,1.0,1.0,2.0
1440,1.0,1.0,1.0,3.0
1441,1.0,0.0,0.0,1.0
1442,1.0,1.0,1.0,1.0
1443,1.0,1.0,1.0,1.0
1444,1.0,1.0,1.0,1.0
1445,1.0,1.0,1.0,1.0
1446,1.0,1.0,1.0,1.0
1447,1.0,0.0,0.0,1.0
1448,0.7627118644067796,1.0,0.8653846153846154,90.0
1449,1.0,0.0,0.0,1.0
1450,1.0,0.0,0.0,1.0
1451,0.6666666666666666,1.0,0.8,2.0
1452,1.0,1.0,1.0,2.0
1453,1.0,1.0,1.0,5.0
1454,1.0,1.0,1.0,1.0
1455,0.8333333333333334,1.0,0.9090909090909091,5.0
1456,1.0,1.0,1.0,1.0
1457,1.0,1.0,1.0,8.0
1458,0.6666666666666666,1.0,0.8,2.0
1459,1.0,1.0,1.0,2.0
1460,1.0,1.0,1.0,9.0
1461,0.9508196721311475,0.9666666666666667,0.9586776859504132,60.0
1462,1.0,1.0,1.0,1.0
1463,1.0,0.0,0.0,1.0
1464,1.0,0.5,0.6666666666666666,2.0
1465,1.0,0.0,0.0,1.0
1466,0.6666666666666666,1.0,0.8,2.0
1467,0.6666666666666666,1.0,0.8,2.0
1468,1.0,1.0,1.0,8.0
1469,1.0,1.0,1.0,2.0
1470,1.0,0.5,0.6666666666666666,2.0
1471,0.9,0.9,0.9,10.0
1472,1.0,1.0,1.0,2.0
1473,0.3333333333333333,1.0,0.5,1.0
1474,1.0,1.0,1.0,3.0
1475,1.0,1.0,1.0,1.0
1476,0.5,0.5,0.5,2.0
1477,0.25,1.0,0.4,2.0
1478,1.0,1.0,1.0,13.0
1479,1.0,1.0,1.0,3.0
1480,1.0,1.0,1.0,1.0
1481,1.0,0.0,0.0,1.0
1482,1.0,1.0,1.0,1.0
1483,1.0,0.9130434782608695,0.9545454545454546,23.0
1484,1.0,1.0,1.0,4.0
1485,1.0,1.0,1.0,12.0
1486,1.0,1.0,1.0,2.0
1487,1.0,1.0,1.0,3.0
1488,1.0,0.5,0.6666666666666666,2.0
1489,0.9444444444444444,0.85,0.8947368421052632,20.0
1490,1.0,1.0,1.0,1.0
1491,1.0,1.0,1.0,1.0
1492,1.0,1.0,1.0,1.0
1493,1.0,0.0,0.0,1.0
1494,1.0,1.0,1.0,2.0
1495,1.0,1.0,1.0,2.0
1496,1.0,0.0,0.0,1.0
1497,1.0,1.0,1.0,2.0
1498,1.0,0.0,0.0,1.0
1499,1.0,1.0,1.0,1.0
1500,1.0,1.0,1.0,13.0
1501,0.6666666666666666,1.0,0.8,2.0
1502,1.0,1.0,1.0,1.0
1503,1.0,1.0,1.0,3.0
1504,1.0,1.0,1.0,1.0
1505,1.0,1.0,1.0,1.0
1506,1.0,0.0,0.0,1.0
1507,1.0,1.0,1.0,1.0
1508,1.0,1.0,1.0,1.0
1509,1.0,0.0,0.0,1.0
1510,1.0,1.0,1.0,1.0
1511,0.75,0.75,0.75,4.0
1512,1.0,1.0,1.0,1.0
1513,1.0,1.0,1.0,2.0
1514,1.0,0.9,0.9473684210526315,10.0
1515,1.0,1.0,1.0,11.0
1516,1.0,0.0,0.0,1.0
1517,1.0,0.5,0.6666666666666666,2.0
1518,1.0,1.0,1.0,1.0
1519,1.0,1.0,1.0,1.0
1520,1.0,0.0,0.0,1.0
1521,1.0,1.0,1.0,1.0
1522,1.0,1.0,1.0,1.0
1523,1.0,0.0,0.0,1.0
1524,1.0,1.0,1.0,6.0
1525,1.0,1.0,1.0,2.0
1526,0.8,1.0,0.8888888888888888,8.0
1527,1.0,1.0,1.0,1.0
1528,1.0,1.0,1.0,1.0
1529,1.0,1.0,1.0,1.0
1530,0.5,1.0,0.6666666666666666,1.0
1531,0.2857142857142857,1.0,0.4444444444444444,2.0
1532,1.0,1.0,1.0,2.0
1533,1.0,1.0,1.0,2.0
1534,1.0,0.5,0.6666666666666666,2.0
1535,1.0,1.0,1.0,2.0
1536,1.0,1.0,1.0,1.0
1537,1.0,1.0,1.0,5.0
1538,1.0,1.0,1.0,3.0
1539,1.0,0.5,0.6666666666666666,2.0
1540,1.0,1.0,1.0,4.0
1541,0.9864864864864865,1.0,0.9931972789115646,73.0
1542,0.8,1.0,0.8888888888888888,4.0
1543,1.0,1.0,1.0,1.0
1544,0.5,1.0,0.6666666666666666,2.0
1545,0.9814814814814815,1.0,0.9906542056074766,53.0
1546,1.0,1.0,1.0,4.0
1547,1.0,1.0,1.0,1.0
1548,1.0,1.0,1.0,2.0
1549,1.0,1.0,1.0,4.0
1550,1.0,0.8076923076923077,0.8936170212765957,26.0
1551,1.0,0.75,0.8571428571428571,12.0
1552,1.0,1.0,1.0,3.0
1553,0.6410256410256411,1.0,0.78125,25.0
1554,1.0,1.0,1.0,6.0
1555,1.0,1.0,1.0,3.0
1556,1.0,1.0,1.0,1.0
1557,0.8571428571428571,0.9873417721518988,0.9176470588235294,79.0
1558,1.0,1.0,1.0,4.0
1559,0.6666666666666666,0.6666666666666666,0.6666666666666666,3.0
1560,0.9224806201550387,0.9834710743801653,0.952,121.0
1561,1.0,1.0,1.0,9.0
1562,1.0,1.0,1.0,1.0
1563,1.0,1.0,1.0,9.0
1564,1.0,1.0,1.0,7.0
1565,1.0,1.0,1.0,1.0
1566,1.0,1.0,1.0,2.0
1567,0.9142857142857143,1.0,0.9552238805970149,32.0
1568,1.0,0.0,0.0,1.0
1569,1.0,1.0,1.0,1.0
1570,0.8415841584158416,0.9139784946236559,0.8762886597938144,93.0
1571,1.0,1.0,1.0,2.0
1572,1.0,1.0,1.0,1.0
1573,1.0,1.0,1.0,5.0
1574,1.0,1.0,1.0,5.0
1575,1.0,1.0,1.0,3.0
1576,1.0,1.0,1.0,17.0
1577,1.0,1.0,1.0,4.0
1578,1.0,1.0,1.0,1.0
1579,0.9166666666666666,1.0,0.9565217391304348,11.0
1580,1.0,0.25,0.4,4.0
1581,1.0,1.0,1.0,3.0
1582,1.0,1.0,1.0,2.0
1583,1.0,0.0,0.0,1.0
1584,1.0,1.0,1.0,2.0
1585,1.0,1.0,1.0,2.0
1586,0.9375,1.0,0.967741935483871,15.0
1587,0.9830508474576272,1.0,0.9914529914529915,58.0
1588,1.0,1.0,1.0,3.0
1589,0.95,1.0,0.9743589743589743,19.0
1590,1.0,1.0,1.0,9.0
1591,0.6,1.0,0.75,3.0
1592,0.8333333333333334,1.0,0.9090909090909091,5.0
1593,1.0,1.0,1.0,3.0
1594,1.0,1.0,1.0,1.0
1595,1.0,1.0,1.0,3.0
1596,1.0,1.0,1.0,1.0
1597,1.0,0.0,0.0,2.0
1598,1.0,1.0,1.0,1.0
1599,0.0,0.0,0.0,1.0
1600,1.0,1.0,1.0,1.0
1601,1.0,0.0,0.0,1.0
1602,1.0,1.0,1.0,1.0
1603,1.0,1.0,1.0,2.0
1604,1.0,1.0,1.0,1.0
1605,1.0,0.0,0.0,1.0
1606,1.0,1.0,1.0,2.0
1607,1.0,0.0,0.0,1.0
1608,1.0,1.0,1.0,2.0
1609,1.0,1.0,1.0,4.0
1610,1.0,1.0,1.0,1.0
1611,1.0,1.0,1.0,1.0
1612,1.0,0.0,0.0,1.0
1613,1.0,0.5,0.6666666666666666,4.0
1614,1.0,1.0,1.0,1.0
1615,1.0,1.0,1.0,1.0
1616,0.8780487804878049,1.0,0.935064935064935,36.0
1617,1.0,1.0,1.0,2.0
1618,1.0,1.0,1.0,1.0
1619,1.0,1.0,1.0,1.0
1620,1.0,0.0,0.0,1.0
1621,1.0,1.0,1.0,1.0
1622,1.0,1.0,1.0,1.0
1623,1.0,1.0,1.0,2.0
1624,1.0,1.0,1.0,4.0
1625,1.0,1.0,1.0,6.0
1626,1.0,1.0,1.0,2.0
1627,1.0,1.0,1.0,2.0
1628,1.0,1.0,1.0,2.0
1629,0.8888888888888888,1.0,0.9411764705882353,8.0
1630,1.0,0.75,0.8571428571428571,8.0
1631,0.9090909090909091,1.0,0.9523809523809523,10.0
1632,1.0,1.0,1.0,4.0
1633,0.5,1.0,0.6666666666666666,2.0
1634,0.6666666666666666,1.0,0.8,2.0
1635,0.5,1.0,0.6666666666666666,1.0
1636,1.0,1.0,1.0,3.0
1637,1.0,1.0,1.0,1.0
1638,0.625,1.0,0.7692307692307693,5.0
1639,1.0,1.0,1.0,3.0
1640,0.9444444444444444,1.0,0.9714285714285714,17.0
1641,1.0,1.0,1.0,1.0
1642,0.5,1.0,0.6666666666666666,2.0
1643,1.0,1.0,1.0,2.0
1644,1.0,1.0,1.0,2.0
1645,1.0,0.0,0.0,1.0
1646,0.25,0.5,0.3333333333333333,2.0
1647,1.0,1.0,1.0,1.0
1648,0.6666666666666666,1.0,0.8,2.0
1649,1.0,1.0,1.0,1.0
1650,1.0,1.0,1.0,3.0
1651,0.9230769230769231,1.0,0.96,36.0
1652,1.0,1.0,1.0,1.0
1653,1.0,1.0,1.0,1.0
1654,1.0,1.0,1.0,2.0
1655,1.0,1.0,1.0,1.0
1656,1.0,1.0,1.0,1.0
1657,0.75,0.75,0.75,4.0
1658,0.875,1.0,0.9333333333333333,7.0
1659,1.0,1.0,1.0,2.0
1660,1.0,0.0,0.0,1.0
1661,1.0,0.0,0.0,1.0
1662,1.0,0.0,0.0,2.0
1663,1.0,1.0,1.0,1.0
1664,1.0,0.6666666666666666,0.8,3.0
1665,0.5,1.0,0.6666666666666666,1.0
1666,1.0,1.0,1.0,1.0
1667,0.3333333333333333,1.0,0.5,1.0
1668,1.0,1.0,1.0,1.0
1669,1.0,0.0,0.0,2.0
1670,0.2,1.0,0.3333333333333333,1.0
1671,1.0,1.0,1.0,1.0
1672,1.0,1.0,1.0,2.0
1673,1.0,1.0,1.0,1.0
1674,1.0,1.0,1.0,1.0
1675,1.0,1.0,1.0,1.0
1676,1.0,1.0,1.0,1.0
1677,1.0,1.0,1.0,2.0
1678,1.0,1.0,1.0,1.0
1679,0.8333333333333334,1.0,0.9090909090909091,5.0
1680,1.0,0.0,0.0,1.0
1681,1.0,1.0,1.0,4.0
1682,1.0,1.0,1.0,1.0
1683,1.0,1.0,1.0,7.0
1684,1.0,0.0,0.0,1.0
1685,1.0,1.0,1.0,9.0
1686,1.0,0.75,0.8571428571428571,4.0
1687,1.0,0.0,0.0,1.0
1688,0.0,0.0,0.0,1.0
1689,1.0,0.0,0.0,1.0
1690,0.6666666666666666,1.0,0.8,2.0
1691,1.0,1.0,1.0,2.0
1692,1.0,1.0,1.0,10.0
1693,1.0,0.0,0.0,1.0
1694,1.0,1.0,1.0,1.0
1695,1.0,1.0,1.0,1.0
1696,1.0,1.0,1.0,3.0
1697,1.0,1.0,1.0,2.0
1698,0.6666666666666666,0.8,0.7272727272727273,10.0
1699,0.5,1.0,0.6666666666666666,1.0
1700,1.0,1.0,1.0,2.0
1701,1.0,0.0,0.0,1.0
1702,0.6666666666666666,1.0,0.8,4.0
1703,1.0,1.0,1.0,2.0
1704,1.0,0.3333333333333333,0.5,3.0
1705,1.0,1.0,1.0,2.0
1706,1.0,1.0,1.0,2.0
1707,1.0,1.0,1.0,1.0
1708,1.0,1.0,1.0,19.0
1709,0.6,0.75,0.6666666666666666,4.0
1710,1.0,0.5,0.6666666666666666,2.0
1711,1.0,1.0,1.0,4.0
1712,0.6666666666666666,0.8,0.7272727272727273,5.0
1713,0.0,0.0,0.0,1.0
1714,0.5833333333333334,0.875,0.7,8.0
1715,0.0,0.0,0.0,1.0
1716,1.0,1.0,1.0,2.0
1717,0.6666666666666666,1.0,0.8,2.0
1718,1.0,1.0,1.0,1.0
1719,0.6666666666666666,1.0,0.8,2.0
1720,0.6666666666666666,1.0,0.8,2.0
1721,1.0,0.0,0.0,1.0
1722,1.0,1.0,1.0,1.0
1723,1.0,1.0,1.0,2.0
1724,0.9411764705882353,1.0,0.9696969696969697,16.0
1725,1.0,0.0,0.0,1.0
1726,1.0,0.0,0.0,2.0
1727,1.0,1.0,1.0,1.0
1728,1.0,0.0,0.0,1.0
1729,0.6666666666666666,1.0,0.8,2.0
1730,1.0,1.0,1.0,2.0
1731,0.6666666666666666,1.0,0.8,2.0
1732,1.0,1.0,1.0,1.0
1733,0.5,0.5,0.5,2.0
1734,1.0,0.5,0.6666666666666666,2.0
1735,1.0,1.0,1.0,2.0
1736,1.0,1.0,1.0,2.0
1737,0.5,1.0,0.6666666666666666,1.0
1738,0.0,0.0,0.0,1.0
1739,1.0,0.0,0.0,1.0
1740,0.3333333333333333,1.0,0.5,1.0
1741,1.0,1.0,1.0,3.0
1742,1.0,0.0,0.0,1.0
1743,1.0,0.0,0.0,1.0
1744,1.0,0.0,0.0,3.0
1745,1.0,0.0,0.0,1.0
1746,1.0,0.0,0.0,1.0
1747,1.0,1.0,1.0,2.0
1748,1.0,0.0,0.0,1.0
1749,0.6666666666666666,0.8571428571428571,0.75,7.0
1750,1.0,0.5,0.6666666666666666,2.0
1751,0.5,0.5,0.5,2.0
1752,1.0,1.0,1.0,4.0
1753,1.0,0.0,0.0,1.0
1754,1.0,0.0,0.0,1.0
1755,1.0,1.0,1.0,1.0
1756,1.0,0.0,0.0,4.0
1757,0.5,1.0,0.6666666666666666,1.0
1758,1.0,1.0,1.0,2.0
1759,1.0,0.5,0.6666666666666666,2.0
1760,1.0,0.0,0.0,1.0
1761,1.0,1.0,1.0,1.0
1762,1.0,0.0,0.0,2.0
1763,1.0,0.0,0.0,2.0
1764,1.0,0.0,0.0,1.0
1765,1.0,0.0,0.0,1.0
1766,0.0,0.0,0.0,2.0
1767,1.0,0.0,0.0,1.0
1768,1.0,0.0,0.0,1.0
1769,1.0,0.0,0.0,1.0
1770,1.0,0.0,0.0,1.0
1771,1.0,0.0,0.0,1.0
accuracy,0.8372820742065266,0.8372820742065266,0.8372820742065266,0.8372820742065266
macro avg,0.8965605554744516,0.6897889133922235,0.6587851058671009,6711.0
weighted avg,0.8796245222801614,0.8372820742065266,0.8088791455700074,6711.0
